{
    "epoch": 1.9986206896551724,
    "total_flos": 381783866081280.0,
    "train_loss": 2.691650957033779,
    "train_runtime": 25342.3431,
    "train_samples_per_second": 7.323,
    "train_steps_per_second": 0.029
}