{
    "epoch": 1.9992241044872623,
    "total_flos": 8.726370133737472e+18,
    "train_loss": 0.3774827281263798,
    "train_runtime": 17906.269,
    "train_samples_per_second": 10.364,
    "train_steps_per_second": 0.108
}