{
    "epoch": 1.9968976215098242,
    "total_flos": 477749164638208.0,
    "train_loss": 2.690837603881646,
    "train_runtime": 21968.7098,
    "train_samples_per_second": 8.448,
    "train_steps_per_second": 0.022
}