{
    "epoch": 1.9992241044872623,
    "total_flos": 685542007570432.0,
    "train_loss": 0.2715610159449202,
    "train_runtime": 27246.9852,
    "train_samples_per_second": 6.811,
    "train_steps_per_second": 0.071
}