{
    "epoch": 1.9986206896551724,
    "total_flos": 355338643046400.0,
    "train_loss": 2.7000242807588526,
    "train_runtime": 23640.1473,
    "train_samples_per_second": 7.85,
    "train_steps_per_second": 0.031
}