{
    "epoch": 1.9968976215098242,
    "total_flos": 307687595704320.0,
    "train_loss": 2.910362465253015,
    "train_runtime": 15997.2446,
    "train_samples_per_second": 11.601,
    "train_steps_per_second": 0.03
}