{
    "epoch": 1.9927611168562565,
    "total_flos": 386723508387840.0,
    "train_loss": 2.710408588662682,
    "train_runtime": 18358.6994,
    "train_samples_per_second": 10.109,
    "train_steps_per_second": 0.026
}