{
    "epoch": 1.9986206896551724,
    "total_flos": 383903630622720.0,
    "train_loss": 2.7020221639074675,
    "train_runtime": 25474.9358,
    "train_samples_per_second": 7.285,
    "train_steps_per_second": 0.028
}